calendar_year,state,state_fips,county_eq,state_year_snap,higher_than_state_snap_counties,prop_counties_higher_snap_than_state
2009,KY,21,108,0.13234368599745155,64,0.5925925925925926
2010,KY,21,85,0.13981325311264692,55,0.6470588235294118
2011,KY,21,81,0.1485867758025323,45,0.5555555555555556
2012,KY,21,23,0.16011848324423247,17,0.7391304347826086
2014,KY,21,4,0.17281515184448681,4,1.0
2015,KY,21,84,0.1732245672956203,58,0.6904761904761905
2016,KY,21,20,0.16893675245908985,11,0.55
2018,KY,21,55,0.16072586247487697,37,0.6727272727272727
